{"lr": 0.00997794446709763, "data_time": 0.0029923677444458007, "loss": 0.3319939702749252, "decode.loss_ce": 0.23171611800789832, "decode.acc_seg": 92.91645050048828, "aux.loss_ce": 0.10027785114943981, "aux.acc_seg": 92.89341735839844, "time": 0.1559825658798218, "step": 100}
{"lr": 0.009955660594668054, "data_time": 0.0028927087783813476, "loss": 0.3034119844436646, "decode.loss_ce": 0.20949296727776529, "decode.acc_seg": 92.39600372314453, "aux.loss_ce": 0.09391901642084122, "aux.acc_seg": 92.52476501464844, "time": 0.15757832527160645, "step": 200}
{"lr": 0.009933371122565919, "data_time": 0.002892875671386719, "loss": 0.22494442015886307, "decode.loss_ce": 0.15232955440878868, "decode.acc_seg": 94.28998565673828, "aux.loss_ce": 0.07261486537754536, "aux.acc_seg": 93.80774688720703, "time": 0.1563814878463745, "step": 300}
{"lr": 0.009911076035273796, "data_time": 0.0029927968978881838, "loss": 0.16943710520863534, "decode.loss_ce": 0.10992442481219769, "decode.acc_seg": 92.0404281616211, "aux.loss_ce": 0.05951267834752798, "aux.acc_seg": 90.94876861572266, "time": 0.1559825897216797, "step": 400}
{"aAcc": 94.5, "mIoU": 88.84, "mAcc": 94.04, "step": 400}
{"lr": 0.0098887753171919, "data_time": 0.0029927492141723633, "loss": 0.13658117279410362, "decode.loss_ce": 0.09061397314071655, "decode.acc_seg": 97.79405975341797, "aux.loss_ce": 0.04596719704568386, "aux.acc_seg": 97.48821258544922, "time": 0.15648128986358642, "step": 500}
{"lr": 0.009866468952637547, "data_time": 0.0030917882919311523, "loss": 0.11055170074105262, "decode.loss_ce": 0.07131846807897091, "decode.acc_seg": 98.30357360839844, "aux.loss_ce": 0.03923323359340429, "aux.acc_seg": 97.25042724609375, "time": 0.1558828830718994, "step": 600}
{"lr": 0.009844156925844432, "data_time": 0.00299227237701416, "loss": 0.11093108206987382, "decode.loss_ce": 0.07477785348892212, "decode.acc_seg": 97.30548095703125, "aux.loss_ce": 0.036153226904571054, "aux.acc_seg": 96.17998504638672, "time": 0.15707972049713134, "step": 700}
{"lr": 0.009821839220962003, "data_time": 0.0029922962188720704, "loss": 0.14398171305656432, "decode.loss_ce": 0.09645812287926674, "decode.acc_seg": 96.91195678710938, "aux.loss_ce": 0.047523591481149194, "aux.acc_seg": 96.96037292480469, "time": 0.15697987079620362, "step": 800}
{"aAcc": 91.61, "mIoU": 83.75, "mAcc": 91.88, "step": 800}
{"lr": 0.009799515822054777, "data_time": 0.002793145179748535, "loss": 0.10603746399283409, "decode.loss_ce": 0.06861808486282825, "decode.acc_seg": 96.49675750732422, "aux.loss_ce": 0.037419378943741324, "aux.acc_seg": 96.74061584472656, "time": 0.15977251529693604, "step": 900}
{"lr": 0.00977718671310168, "data_time": 0.0028926610946655275, "loss": 0.1164489321410656, "decode.loss_ce": 0.07836216539144517, "decode.acc_seg": 91.2541732788086, "aux.loss_ce": 0.038086767122149465, "aux.acc_seg": 94.3748550415039, "time": 0.15717933177947999, "step": 1000}
{"lr": 0.009754851877995354, "data_time": 0.0028924465179443358, "loss": 0.152970290184021, "decode.loss_ce": 0.09779051318764687, "decode.acc_seg": 92.57889556884766, "aux.loss_ce": 0.05517977494746447, "aux.acc_seg": 88.53164672851562, "time": 0.15877513885498046, "step": 1100}
{"lr": 0.009732511300541468, "data_time": 0.002792549133300781, "loss": 0.10396072790026664, "decode.loss_ce": 0.06575046330690384, "decode.acc_seg": 98.04911041259766, "aux.loss_ce": 0.03821026496589184, "aux.acc_seg": 95.55905151367188, "time": 0.15648126602172852, "step": 1200}
{"aAcc": 95.49, "mIoU": 90.74, "mAcc": 95.05, "step": 1200}
{"lr": 0.009710164964458045, "data_time": 0.0028928518295288086, "loss": 0.10563689619302749, "decode.loss_ce": 0.06767608374357223, "decode.acc_seg": 97.37948608398438, "aux.loss_ce": 0.03796081244945526, "aux.acc_seg": 94.9683837890625, "time": 0.15678048133850098, "step": 1300}
{"lr": 0.009687812853374727, "data_time": 0.0029918909072875976, "loss": 0.11175927072763443, "decode.loss_ce": 0.07407043576240539, "decode.acc_seg": 95.8966293334961, "aux.loss_ce": 0.03768883515149355, "aux.acc_seg": 94.56049346923828, "time": 0.15578315258026124, "step": 1400}
{"lr": 0.009665454950832103, "data_time": 0.002992677688598633, "loss": 0.11990097090601921, "decode.loss_ce": 0.07184124253690242, "decode.acc_seg": 92.7962875366211, "aux.loss_ce": 0.048059727251529696, "aux.acc_seg": 92.14087677001953, "time": 0.15707964897155763, "step": 1500}
{"lr": 0.009643091240280942, "data_time": 0.0030920743942260743, "loss": 0.08503367230296136, "decode.loss_ce": 0.055497550219297406, "decode.acc_seg": 96.4856185913086, "aux.loss_ce": 0.029536122642457485, "aux.acc_seg": 95.85972595214844, "time": 0.1575784206390381, "step": 1600}
{"aAcc": 95.26, "mIoU": 90.27, "mAcc": 94.71, "step": 1600}
