{"lr": 0.0001, "data_time": 0.0034906148910522463, "loss": 0.10618950575590133, "decode.loss_ce": 0.04733880385756493, "decode.acc_seg": 91.77666473388672, "aux_0.loss_ce": 0.021231941506266595, "aux_0.acc_seg": 92.13919067382812, "aux_1.loss_ce": 0.03761875983327627, "aux_1.acc_seg": 80.7251205444336, "time": 0.1058168888092041, "step": 32200}
{"lr": 0.0001, "data_time": 0.0033912420272827148, "loss": 0.09560817256569862, "decode.loss_ce": 0.04015377853065729, "decode.acc_seg": 89.17536163330078, "aux_0.loss_ce": 0.01767192455008626, "aux_0.acc_seg": 93.86737060546875, "aux_1.loss_ce": 0.0377824692055583, "aux_1.acc_seg": 61.4620246887207, "time": 0.10791137218475341, "step": 32400}
{"lr": 0.0001, "data_time": 0.0035906553268432615, "loss": 0.09002865999937057, "decode.loss_ce": 0.03913923166692257, "decode.acc_seg": 85.22847747802734, "aux_0.loss_ce": 0.017788192257285118, "aux_0.acc_seg": 83.78042602539062, "aux_1.loss_ce": 0.0331012349575758, "aux_1.acc_seg": 59.45634460449219, "time": 0.10541768074035644, "step": 32600}
{"lr": 0.0001, "data_time": 0.0036906003952026367, "loss": 0.08969376236200333, "decode.loss_ce": 0.03704565670341253, "decode.acc_seg": 94.79438781738281, "aux_0.loss_ce": 0.01682284753769636, "aux_0.acc_seg": 92.62031555175781, "aux_1.loss_ce": 0.03582525681704283, "aux_1.acc_seg": 62.378841400146484, "time": 0.10880882740020752, "step": 32800}
{"lr": 0.0001, "data_time": 0.0036901235580444336, "loss": 0.0993811096996069, "decode.loss_ce": 0.0432237109169364, "decode.acc_seg": 91.06552124023438, "aux_0.loss_ce": 0.018384802900254727, "aux_0.acc_seg": 89.79808807373047, "aux_1.loss_ce": 0.037772595323622225, "aux_1.acc_seg": 71.5975570678711, "time": 0.10491924285888672, "step": 33000}
{"lr": 0.0001, "data_time": 0.003490757942199707, "loss": 0.08706385232508182, "decode.loss_ce": 0.038018512167036535, "decode.acc_seg": 69.82158660888672, "aux_0.loss_ce": 0.01707662222906947, "aux_0.acc_seg": 68.90731811523438, "aux_1.loss_ce": 0.03196871792897582, "aux_1.acc_seg": 57.08179473876953, "time": 0.10940704345703126, "step": 33200}
{"lr": 0.0001, "data_time": 0.0033905029296875, "loss": 0.09473026171326637, "decode.loss_ce": 0.04305055607110262, "decode.acc_seg": 79.84180450439453, "aux_0.loss_ce": 0.0184361363761127, "aux_0.acc_seg": 72.3626708984375, "aux_1.loss_ce": 0.03324357029050588, "aux_1.acc_seg": 70.4407958984375, "time": 0.10791113376617431, "step": 33400}
{"lr": 0.0001, "data_time": 0.0035907745361328123, "loss": 0.08444580882787704, "decode.loss_ce": 0.03565687574446201, "decode.acc_seg": 93.9173355102539, "aux_0.loss_ce": 0.016826828848570584, "aux_0.acc_seg": 92.26483154296875, "aux_1.loss_ce": 0.03196210414171219, "aux_1.acc_seg": 77.94774627685547, "time": 0.1075122594833374, "step": 33600}
{"lr": 0.0001, "data_time": 0.0035903453826904297, "loss": 0.0806262381374836, "decode.loss_ce": 0.03263459783047438, "decode.acc_seg": 71.04558563232422, "aux_0.loss_ce": 0.015260343812406063, "aux_0.acc_seg": 66.94881439208984, "aux_1.loss_ce": 0.032731296867132186, "aux_1.acc_seg": 38.710906982421875, "time": 0.10472006797790527, "step": 33800}
{"lr": 0.0001, "data_time": 0.0035905361175537108, "loss": 0.10709563419222831, "decode.loss_ce": 0.04905501436442137, "decode.acc_seg": 69.53874206542969, "aux_0.loss_ce": 0.021125650592148305, "aux_0.acc_seg": 67.27168273925781, "aux_1.loss_ce": 0.03691497053951025, "aux_1.acc_seg": 54.90088653564453, "time": 0.10681426525115967, "step": 34000}
{"aAcc": 84.5, "mIoU": 30.78, "mAcc": 40.79, "step": 34000}
