{"lr": 0.0001, "data_time": 0.003490257263183594, "loss": 0.08068808317184448, "decode.loss_ce": 0.03418780639767647, "decode.acc_seg": 86.29224395751953, "aux_0.loss_ce": 0.014849292766302823, "aux_0.acc_seg": 83.2837905883789, "aux_1.loss_ce": 0.031650984473526475, "aux_1.acc_seg": 49.04607009887695, "time": 0.10531818866729736, "step": 34200}
{"lr": 0.0001, "data_time": 0.00359039306640625, "loss": 0.09685796722769738, "decode.loss_ce": 0.041757835820317266, "decode.acc_seg": 85.5068359375, "aux_0.loss_ce": 0.01812784904614091, "aux_0.acc_seg": 85.41952514648438, "aux_1.loss_ce": 0.036972281709313395, "aux_1.acc_seg": 83.06169891357422, "time": 0.10621578693389892, "step": 34400}
{"lr": 0.0001, "data_time": 0.0037900686264038088, "loss": 0.0932602621614933, "decode.loss_ce": 0.03975549470633268, "decode.acc_seg": 97.14907836914062, "aux_0.loss_ce": 0.017519877385348083, "aux_0.acc_seg": 97.23310089111328, "aux_1.loss_ce": 0.03598488923162222, "aux_1.acc_seg": 68.02667236328125, "time": 0.10701360702514648, "step": 34600}
{"lr": 0.0001, "data_time": 0.0034902334213256837, "loss": 0.08563276678323746, "decode.loss_ce": 0.03615154772996902, "decode.acc_seg": 82.82987976074219, "aux_0.loss_ce": 0.016490630246698855, "aux_0.acc_seg": 82.2872314453125, "aux_1.loss_ce": 0.03299059011042118, "aux_1.acc_seg": 67.7742691040039, "time": 0.10940701961517334, "step": 34800}
{"lr": 0.0001, "data_time": 0.0034904241561889648, "loss": 0.08369202464818955, "decode.loss_ce": 0.036590602807700635, "decode.acc_seg": 87.03347778320312, "aux_0.loss_ce": 0.016165802255272865, "aux_0.acc_seg": 86.87479400634766, "aux_1.loss_ce": 0.030935618840157986, "aux_1.acc_seg": 77.63861083984375, "time": 0.1065150260925293, "step": 35000}
{"lr": 0.0001, "data_time": 0.003590297698974609, "loss": 0.08383141495287419, "decode.loss_ce": 0.033809172734618184, "decode.acc_seg": 78.52090454101562, "aux_0.loss_ce": 0.01542598227970302, "aux_0.acc_seg": 77.31433868408203, "aux_1.loss_ce": 0.03459626063704491, "aux_1.acc_seg": 63.79668045043945, "time": 0.11299765110015869, "step": 35200}
{"lr": 0.0001, "data_time": 0.003590226173400879, "loss": 0.07930509485304356, "decode.loss_ce": 0.033198154717683795, "decode.acc_seg": 91.36466217041016, "aux_0.loss_ce": 0.015083338879048825, "aux_0.acc_seg": 89.42310333251953, "aux_1.loss_ce": 0.031023602373898028, "aux_1.acc_seg": 83.53900909423828, "time": 0.10731279850006104, "step": 35400}
{"lr": 0.0001, "data_time": 0.0035898447036743163, "loss": 0.09629458412528039, "decode.loss_ce": 0.04474063813686371, "decode.acc_seg": 63.620059967041016, "aux_0.loss_ce": 0.018863939959555865, "aux_0.acc_seg": 64.8949966430664, "aux_1.loss_ce": 0.0326900040730834, "aux_1.acc_seg": 53.25381088256836, "time": 0.11319713592529297, "step": 35600}
{"lr": 0.0001, "data_time": 0.0032907724380493164, "loss": 0.09665895402431487, "decode.loss_ce": 0.04211615659296512, "decode.acc_seg": 78.0459213256836, "aux_0.loss_ce": 0.01886575547978282, "aux_0.acc_seg": 77.49786376953125, "aux_1.loss_ce": 0.035677040554583074, "aux_1.acc_seg": 41.49079132080078, "time": 0.10501892566680908, "step": 35800}
{"lr": 0.0001, "data_time": 0.003590846061706543, "loss": 0.0819103691726923, "decode.loss_ce": 0.035372935235500336, "decode.acc_seg": 81.50452423095703, "aux_0.loss_ce": 0.01495342398993671, "aux_0.acc_seg": 81.06310272216797, "aux_1.loss_ce": 0.03158401045948267, "aux_1.acc_seg": 56.796722412109375, "time": 0.10671446323394776, "step": 36000}
{"aAcc": 84.48, "mIoU": 30.89, "mAcc": 40.93, "step": 36000}
{"lr": 0.0001, "data_time": 0.0038893938064575194, "loss": 0.09637917131185532, "decode.loss_ce": 0.04196229744702577, "decode.acc_seg": 89.68913269042969, "aux_0.loss_ce": 0.018825919134542346, "aux_0.acc_seg": 85.93751525878906, "aux_1.loss_ce": 0.03559095673263073, "aux_1.acc_seg": 68.8856201171875, "time": 0.10691366195678711, "step": 36200}
{"lr": 0.0001, "data_time": 0.0037903070449829103, "loss": 0.09238918721675873, "decode.loss_ce": 0.04065868165344, "decode.acc_seg": 84.84046936035156, "aux_0.loss_ce": 0.018131443578749896, "aux_0.acc_seg": 85.77415466308594, "aux_1.loss_ce": 0.03359906282275915, "aux_1.acc_seg": 74.90636444091797, "time": 0.11299741268157959, "step": 36400}
{"lr": 0.0001, "data_time": 0.003689742088317871, "loss": 0.10508807972073556, "decode.loss_ce": 0.04665189888328314, "decode.acc_seg": 69.95885467529297, "aux_0.loss_ce": 0.02099432544782758, "aux_0.acc_seg": 69.39595031738281, "aux_1.loss_ce": 0.037441853992640974, "aux_1.acc_seg": 57.94112777709961, "time": 0.11000568866729736, "step": 36600}
{"lr": 0.0001, "data_time": 0.003190422058105469, "loss": 0.0897872056812048, "decode.loss_ce": 0.039071166701614854, "decode.acc_seg": 93.90653228759766, "aux_0.loss_ce": 0.01656423844397068, "aux_0.acc_seg": 90.15519714355469, "aux_1.loss_ce": 0.03415180090814829, "aux_1.acc_seg": 85.68156433105469, "time": 0.11110260486602783, "step": 36800}
{"lr": 0.0001, "data_time": 0.003489780426025391, "loss": 0.08475961051881313, "decode.loss_ce": 0.03786029722541571, "decode.acc_seg": 91.53910827636719, "aux_0.loss_ce": 0.016812134766951203, "aux_0.acc_seg": 93.90862274169922, "aux_1.loss_ce": 0.030087178386747838, "aux_1.acc_seg": 84.98177337646484, "time": 0.10681419372558594, "step": 37000}
{"lr": 0.0001, "data_time": 0.0033907651901245116, "loss": 0.08197709731757641, "decode.loss_ce": 0.036626427061855794, "decode.acc_seg": 95.04886627197266, "aux_0.loss_ce": 0.01595235671848059, "aux_0.acc_seg": 93.77720642089844, "aux_1.loss_ce": 0.029398314654827118, "aux_1.acc_seg": 69.36895751953125, "time": 0.11209993362426758, "step": 37200}
{"lr": 0.0001, "data_time": 0.003789687156677246, "loss": 0.08778104037046433, "decode.loss_ce": 0.03698416408151388, "decode.acc_seg": 88.37708282470703, "aux_0.loss_ce": 0.016787488106638195, "aux_0.acc_seg": 88.67543029785156, "aux_1.loss_ce": 0.03400938957929611, "aux_1.acc_seg": 85.43357849121094, "time": 0.10880889892578124, "step": 37400}
{"lr": 0.0001, "data_time": 0.0034903526306152345, "loss": 0.10726007521152496, "decode.loss_ce": 0.04889668431133032, "decode.acc_seg": 72.18302917480469, "aux_0.loss_ce": 0.02123722042888403, "aux_0.acc_seg": 74.0583724975586, "aux_1.loss_ce": 0.037126168794929984, "aux_1.acc_seg": 61.979515075683594, "time": 0.10791125297546386, "step": 37600}
{"lr": 0.0001, "data_time": 0.003589820861816406, "loss": 0.0973669596016407, "decode.loss_ce": 0.04302154667675495, "decode.acc_seg": 75.88673400878906, "aux_0.loss_ce": 0.0185051420237869, "aux_0.acc_seg": 65.89031219482422, "aux_1.loss_ce": 0.03584027010947466, "aux_1.acc_seg": 47.11952590942383, "time": 0.10761220455169677, "step": 37800}
{"lr": 0.0001, "data_time": 0.003590297698974609, "loss": 0.06894133016467094, "decode.loss_ce": 0.027112205792218447, "decode.acc_seg": 91.37774658203125, "aux_0.loss_ce": 0.012672436842694878, "aux_0.acc_seg": 87.75720977783203, "aux_1.loss_ce": 0.02915668860077858, "aux_1.acc_seg": 76.73701477050781, "time": 0.1104048252105713, "step": 38000}
{"aAcc": 84.43, "mIoU": 30.88, "mAcc": 41.24, "step": 38000}
{"lr": 0.0001, "data_time": 0.0033895492553710936, "loss": 0.0938384398818016, "decode.loss_ce": 0.03906151428818703, "decode.acc_seg": 88.5291976928711, "aux_0.loss_ce": 0.018028763215988876, "aux_0.acc_seg": 87.32353973388672, "aux_1.loss_ce": 0.03674816135317087, "aux_1.acc_seg": 58.43330383300781, "time": 0.10791103839874268, "step": 38200}
{"lr": 0.0001, "data_time": 0.003290867805480957, "loss": 0.1057315193116665, "decode.loss_ce": 0.04738569501787424, "decode.acc_seg": 63.128501892089844, "aux_0.loss_ce": 0.020893150195479392, "aux_0.acc_seg": 61.48534393310547, "aux_1.loss_ce": 0.0374526746571064, "aux_1.acc_seg": 42.85567855834961, "time": 0.10870890617370606, "step": 38400}
{"lr": 0.0001, "data_time": 0.0036902666091918946, "loss": 0.07022976577281952, "decode.loss_ce": 0.02863524779677391, "decode.acc_seg": 79.00940704345703, "aux_0.loss_ce": 0.013350270129740239,